row,assumption,what_it_is,how_set_in_model,why_this_choice,source,source_url,assumptions_pdf_url
7,Revenue Growth,Year-over-year % increase in revenue for each forecast year.,Yellow POLICY input: 30.0% / 18.0% / 14.5% / 11.0% / 8.5%.,Revenue growth path unchanged vs Model17 (30%/18%/14.5%/11%/8.5%). DCF applies stub scaling to Y1 FCFF only — 3S still builds a full fiscal year for BS integrity.,SEC EX-99.1 Q3 FY2026 — Scores +41% / B2B +49%; FY2026 guidance,https://www.sec.gov/Archives/edgar/data/814547/000081454726000031/exhibit991erq32026.htm,https://raw.githubusercontent.com/vengeanceaiUSC/Rainmaker/cursor/vengeanceaiusmodel20-d3ac/FICO/output/MODEL20_FICO_ASSUMPTIONS_LIST.pdf
8,COGS % of Revenue,Cost of revenues as a % of sales (gross margin = 1 − this).,"Excel: MAX(8%, segment blended COGS base≈12.98% − 120bps × year).",MODEL20 Yacktman: Margins unchanged vs Model17 (COGS −120 / SG&A −175 / R&D −50; floor 8%; GM_B2B 97%). Mix % offset within Total Revenue (not a second revenue stack).,SEC 10-K FY2025 — Scores +$249M YoY 'primarily attributable to a higher unit price',https://www.sec.gov/Archives/edgar/data/814547/000081454725000030/fico-20250930.htm,https://raw.githubusercontent.com/vengeanceaiUSC/Rainmaker/cursor/vengeanceaiusmodel20-d3ac/FICO/output/MODEL20_FICO_ASSUMPTIONS_LIST.pdf
9,SG&A % of Revenue,Operating opex (SG&A) as % of sales.,"Equation: MAX(14%, (I28 − 10,922)/I24 − 175bps × year). Strips FY25 restructuring; then −1.75% of sales each year.","SG&A unchanged vs Model17 (−175 bps/yr, floor 14%) — Scores near-100% incremental margins.",SEC 10-K FY2025 — SG&A + Scores pricing commentary,https://www.sec.gov/Archives/edgar/data/814547/000081454725000030/fico-20250930.htm,https://raw.githubusercontent.com/vengeanceaiUSC/Rainmaker/cursor/vengeanceaiusmodel20-d3ac/FICO/output/MODEL20_FICO_ASSUMPTIONS_LIST.pdf
10,R&D % of Revenue,"Research & development expense as % of sales (IS label: R&D, not Rent).","Excel: MAX(7%, I29/I24 − 50bps × year).","R&D unchanged vs Model17 (−50 bps/yr, floor 7%) — royalty price dollars do not require 1:1 R&D.",SEC 10-K FY2025 — Research and development,https://www.sec.gov/Archives/edgar/data/814547/000081454725000030/fico-20250930.htm,https://raw.githubusercontent.com/vengeanceaiUSC/Rainmaker/cursor/vengeanceaiusmodel20-d3ac/FICO/output/MODEL20_FICO_ASSUMPTIONS_LIST.pdf
11,D&A % of Revenue,Total depreciation & amortization as % of sales (software-industry driver).,Yellow POLICY input: flat 0.84% (3yr FY23–25 avg TOTAL D&A). Forecast DA$ = Revenue × DA%; CF row 63 adds it back once.,MODEL20: TOTAL D&A ≈ 0.84% of Rev. SBC is a SEPARATE add-back — no double-count.,SEC companyfacts — DepreciationDepletionAndAmortization (+ AmortizationOfIntangibleAssets),https://data.sec.gov/api/xbrl/companyfacts/CIK0000814547.json,https://raw.githubusercontent.com/vengeanceaiUSC/Rainmaker/cursor/vengeanceaiusmodel20-d3ac/FICO/output/MODEL20_FICO_ASSUMPTIONS_LIST.pdf
12,Interest % of Debt Open,Interest expense as % of opening debt balance.,Excel equation: I101/I98 (FY25 interest ÷ FY25 opening debt in schedule).,Approximates average coupon / cost of debt on the book. Debt stock follows the net debt issuance assumption (row 19).,SEC 10-K FY2025 — Interest expense; see also 8-K 6.250% notes,https://www.sec.gov/Archives/edgar/data/814547/000081454725000030/fico-20250930.htm,https://raw.githubusercontent.com/vengeanceaiUSC/Rainmaker/cursor/vengeanceaiusmodel20-d3ac/FICO/output/MODEL20_FICO_ASSUMPTIONS_LIST.pdf
13,Book Tax Rate (% of EBT),Effective book tax rate applied to forecast EBT → Net Income.,Excel equation: I35/I33 (FY25 tax ÷ simplified FY25 EBT in this template).,Book rate (~19%) remains on the income statement. DCF unlevered cash taxes use a separate cash tax rate (22.87% = 3yr IncomeTaxesPaidNet/EBT). Keep cash tax 22.87% (3yr IncomeTaxesPaidNet/EBT). Book ETR ~18.8% used in CAPM Rd(1−T).,SEC 10-K FY2025 — tax expense; cash taxes from IncomeTaxesPaidNet,https://data.sec.gov/api/xbrl/companyfacts/CIK0000814547.json,https://raw.githubusercontent.com/vengeanceaiUSC/Rainmaker/cursor/vengeanceaiusmodel20-d3ac/FICO/output/MODEL20_FICO_ASSUMPTIONS_LIST.pdf
15,DSO — Accounts Receivable (Days),Days Sales Outstanding. AR = Revenue × DSO / 365.,Yellow POLICY path: phases 97d (FY25 hist) → 28d over 5 years (Y1≈83.2d … Y5=28d). Segment blend ref ≈ 27.5d on schedule row 115 (SaaS 40/B2C 2/B2B 25/PS 12/On-prem 40).,DSO path unchanged vs Model17 (97→28d). DSO path unchanged vs Model17 (97→28d). Op NWC = AR+Inv−AP ONLY. +ΔDeferred is a SEPARATE CFO/FCFF source. No AR/unearned double-count. Source: https://www.sec.gov/Archives/edgar/data/814547/000081454726000011/R45.htm. Deferred = Rev × (SaaS%+OnPrem%) × (FY25 Def/FY25 soft Rev); +ΔDeferred in CFO row 81. Faster SaaS mix (+300 bps/yr) raises Deferred cash vs Model17 (+250). Detail: https://www.sec.gov/Archives/edgar/data/814547/000081454726000011/R45.htm.,SEC 10-K FY2025 — AR; Q1 FY2026 deferred detail (R45),https://www.sec.gov/Archives/edgar/data/814547/000081454726000011/R45.htm,https://raw.githubusercontent.com/vengeanceaiUSC/Rainmaker/cursor/vengeanceaiusmodel20-d3ac/FICO/output/MODEL20_FICO_ASSUMPTIONS_LIST.pdf
16,Inventory (Days),Inventory days (Inv = COGS × days/365).,Hard zero — FICO is software / scores; inventory is immaterial.,No inventory cycle to fund.,SEC 10-K FY2025 — Inventory ≈ $0,https://www.sec.gov/Archives/edgar/data/814547/000081454725000030/fico-20250930.htm,https://raw.githubusercontent.com/vengeanceaiUSC/Rainmaker/cursor/vengeanceaiusmodel20-d3ac/FICO/output/MODEL20_FICO_ASSUMPTIONS_LIST.pdf
17,DPO — Accounts Payable (Days),Days Payable Outstanding. AP = COGS × DPO / 365.,"Excel equation: ROUND(I48/I25×365, 0) from FY25; held flat.",MODEL20: DPO pairs with phased DSO for Op NWC = AR+Inv−AP. Deferred is a SEPARATE CFO cash source (row 81) — never mixed into AR/DPO.,SEC 10-K FY2025 — Accounts payable,https://www.sec.gov/Archives/edgar/data/814547/000081454725000030/fico-20250930.htm,https://raw.githubusercontent.com/vengeanceaiUSC/Rainmaker/cursor/vengeanceaiusmodel20-d3ac/FICO/output/MODEL20_FICO_ASSUMPTIONS_LIST.pdf
18,CapEx % of Revenue,Capital investment (PPE + capitalized software) as % of sales.,Yellow POLICY path: 0.85% / 0.70% / 0.55% / 0.45% / 0.35% (fade with operating leverage).,MODEL20 Yacktman: Updated CapEx from Model17 (Previous: 1.00% → 0.85% → 0.70% → 0.55% → 0.40%) to Model18 (New: 0.85% → 0.70% → 0.55% → 0.45% → 0.35%) — Scores coupons need ~0 CapEx; Platform is mostly cloud opex not PPE.,SEC 10-K / companyfacts — PPE purchases + capitalized software; fade to maintenance,https://data.sec.gov/api/xbrl/companyfacts/CIK0000814547.json,https://raw.githubusercontent.com/vengeanceaiUSC/Rainmaker/cursor/vengeanceaiusmodel20-d3ac/FICO/output/MODEL20_FICO_ASSUMPTIONS_LIST.pdf
19,Debt Issuance (Repayment),New borrowing (+) or repayment (−) in the forecast ($000s).,Equation: −(CFO−CapEx) − EquityCF = (1.40−1)×FCF (debt funds buybacks above organic FCF).,MODEL20: Buybacks unchanged vs Model18 (1.40×(CFO−CapEx); debt funds MULT−1). Q3 FY2026 buybacks $1960M vs FCF $370.3M (https://www.sec.gov/Archives/edgar/data/814547/000081454726000031/exhibit991erq32026.htm). Financing is excluded from FCFF.,SEC EX-99.1 Q3 FY2026 — levered buybacks; companyfacts senior notes / LOC,https://data.sec.gov/api/xbrl/companyfacts/CIK0000814547.json,https://raw.githubusercontent.com/vengeanceaiUSC/Rainmaker/cursor/vengeanceaiusmodel20-d3ac/FICO/output/MODEL20_FICO_ASSUMPTIONS_LIST.pdf
20,Equity Issued (Repaid),New equity issued (+) or buybacks (−) in the forecast BS/CF.,Equation: −1.40×(CFO−CapEx) levered buybacks (hist 3yr avg ≈ $881M/yr; Q3 FY26 >> FCF).,"Buybacks unchanged vs Model17 (1.40× FCF); Y1 DCF share effect stub-scaled. Shares path unchanged vs Model18 (21,597.635k @ $1,149 post–Q3 → Y5 via 1.4×FCF). SBC add-back does NOT dilute; Y1 share reduction uses stub-scaled equity CF (64.66% of year). MODEL20 pairs I16 with D34 debt that includes forecast issuance.",SEC EX-99.1 Q3 FY2026 — buybacks vs FCF; 10-K FY2025 repurchase footnote,https://www.sec.gov/Archives/edgar/data/814547/000081454725000030/fico-20250930.htm,https://raw.githubusercontent.com/vengeanceaiUSC/Rainmaker/cursor/vengeanceaiusmodel20-d3ac/FICO/output/MODEL20_FICO_ASSUMPTIONS_LIST.pdf
21,SBC % of Revenue,Stock-based compensation as % of sales; non-cash add-back in CFO and FCFF.,Yellow POLICY fade path: 7.00% / 6.50% / 6.00% / 5.50% / 5.00% (starts at 3yr avg 7.00%).,MODEL20 Yacktman: Updated SBC from Model17 (Previous: fade 8.25% / 7.80% / 7.40% / 7.00% / 6.60%) to Model18 (New: fade 7.00% / 6.50% / 6.00% / 5.50% / 5.00%). Treat SBC with suspicion but not so hard that royalty price-ups are taxed 1:1 with grants. Source: https://data.sec.gov/api/xbrl/companyfacts/CIK0000814547.json; Scores pricing https://www.sec.gov/Archives/edgar/data/814547/000081454726000031/exhibit991erq32026.htm.,SEC 10-K cash flow — ShareBasedCompensation (add-back only; no share dilution),https://data.sec.gov/api/xbrl/companyfacts/CIK0000814547.json,https://raw.githubusercontent.com/vengeanceaiUSC/Rainmaker/cursor/vengeanceaiusmodel20-d3ac/FICO/output/MODEL20_FICO_ASSUMPTIONS_LIST.pdf
104,Mix % — SaaS / Platform software,Share of Total Revenue from SaaS / cloud software (incl. FICO Platform cloud).,"FY25 base 21.08% (SaaS $419,720k / Total $1,990,869k), then +300 bps/yr taken from on-prem. Platform ARR KPI $263.6M is not additive IS revenue.",Updated SaaS mix shift from Model17 (Previous: +250 bps/yr) to Model20 (New: +300 bps/yr) — Q3 Platform ARR +62% to $413M / SaaS +21%. Deferred → explicit CFO cash (row 81). Source: https://www.sec.gov/Archives/edgar/data/814547/000081454726000011/fico-20251231.htm; EX-99.1 Q3 FY2026.,SEC 10-Q Q1 FY2026 — Deferred revenue / contract liabilities detail,https://www.sec.gov/Archives/edgar/data/814547/000081454726000011/R45.htm,https://raw.githubusercontent.com/vengeanceaiUSC/Rainmaker/cursor/vengeanceaiusmodel20-d3ac/FICO/output/MODEL20_FICO_ASSUMPTIONS_LIST.pdf
105,Mix % — B2C Subscriptions (myFICO),Share of Total Revenue from B2C scoring / myFICO.com subscriptions.,"Yellow POLICY = 11.05% (FY25 B2C Scores $219,980k / Total $1,990,869k).",Near-zero DSO (card-settled consumer subscriptions). Minimal Deferred Revenue vs annual SaaS invoices. High incremental margin; WC-light cash conversion.,SEC 10-K FY2025 — Scores segment B2C / myFICO disaggregation,https://www.sec.gov/Archives/edgar/data/814547/000081454725000030/fico-20250930.htm,https://raw.githubusercontent.com/vengeanceaiUSC/Rainmaker/cursor/vengeanceaiusmodel20-d3ac/FICO/output/MODEL20_FICO_ASSUMPTIONS_LIST.pdf
106,Mix % — B2B Scores,"Share of Total Revenue from B2B scoring (mortgage, auto, card via CRAs).","Yellow POLICY = 47.65% (FY25 B2B Scores $948,595k / Total $1,990,869k).",Transactional volume through Experian/TransUnion/Equifax; ~30-day DSO. Does not create SaaS-style Deferred Revenue (usage-based recognition).,SEC 10-K FY2025 — Scores segment B2B disaggregation,https://www.sec.gov/Archives/edgar/data/814547/000081454725000030/fico-20250930.htm,https://raw.githubusercontent.com/vengeanceaiUSC/Rainmaker/cursor/vengeanceaiusmodel20-d3ac/FICO/output/MODEL20_FICO_ASSUMPTIONS_LIST.pdf
107,Mix % — Professional Services,Share of Total Revenue from implementation / consulting / training fees.,"Yellow POLICY = 4.13% (FY25 PS $82,149k / Total $1,990,869k).",Upfront integration fees convert cash quickly (low DSO) but carry significantly lower gross margin than software/scores — pulls blended COGS up vs pure SaaS.,SEC 10-K FY2025 — Software segment Professional services line,https://www.sec.gov/Archives/edgar/data/814547/000081454725000030/fico-20250930.htm,https://raw.githubusercontent.com/vengeanceaiUSC/Rainmaker/cursor/vengeanceaiusmodel20-d3ac/FICO/output/MODEL20_FICO_ASSUMPTIONS_LIST.pdf
108,Mix % — On-Premises Software,Share of Total Revenue from on-premises license + maintenance software.,"Yellow POLICY = 16.09% (FY25 on-prem $320,425k / Total $1,990,869k).","With SaaS mix, drives Deferred Revenue (maintenance billed in advance). Same 45-day DSO policy as SaaS. Completes mix identity to 100% of Total Rev.",SEC 10-K FY2025 — Software on-premises vs SaaS deployment table,https://www.sec.gov/Archives/edgar/data/814547/000081454725000030/fico-20250930.htm,https://raw.githubusercontent.com/vengeanceaiUSC/Rainmaker/cursor/vengeanceaiusmodel20-d3ac/FICO/output/MODEL20_FICO_ASSUMPTIONS_LIST.pdf
DCF-D5,Cash Tax Rate (unlevered),Cash tax rate used for FCFF unlevered taxes and after-tax cost of debt.,Yellow POLICY = 22.87% (3yr avg IncomeTaxesPaidNet ÷ EBT). NOT linked to book tax J13.,Keep cash tax 22.87% (3yr IncomeTaxesPaidNet/EBT). Book ETR ~18.8% used in CAPM Rd(1−T).,SEC companyfacts — IncomeTaxesPaidNet / EBT,https://data.sec.gov/api/xbrl/companyfacts/CIK0000814547.json,https://raw.githubusercontent.com/vengeanceaiUSC/Rainmaker/cursor/vengeanceaiusmodel20-d3ac/FICO/output/MODEL20_FICO_ASSUMPTIONS_LIST.pdf
DCF-D6,WACC (Yacktman-adj CAPM — D6 = R15),Weighted average cost of capital for XNPV of FCFF + TV.,D6 = R15 ≈ 7.68% (same Yacktman-adj CAPM algebra as Model17 7.68%). Stub timing is separate (see DCF-D9). Rf/β/ERP/Rd inputs in Q6:R15 with clickable sources.,WACC unchanged vs Model17 algebra: Yacktman-adj CAPM 7.68% (D6=R15). β_Blume=(2/3)×1.32+(1/3)×1.0=1.213; β_AAA=0.70; β_Yacktman=0.30×β_Blume+0.70×β_AAA=0.854; Ke=Rf(4.67%)+β×ERP(4.28%)=8.33%; Rd_at=6.250%×(1−18.77%)=5.08%; WACC=80%×Ke+20%×Rd_at=7.68%. No naked hardcoded discount rate. Sources: https://finance.yahoo.com/quote/FICO/key-statistics/; https://www.jstor.org/stable/2329867; https://fred.stlouisfed.org/series/DGS10; https://www.sec.gov/Archives/edgar/data/814547/000119312526117936/d56220d8k.htm.,Blume 1971; FRED DGS10; Yahoo β; Damodaran ERP; SEC 8-K 6.250% Rd,https://fred.stlouisfed.org/series/DGS10,https://raw.githubusercontent.com/vengeanceaiUSC/Rainmaker/cursor/vengeanceaiusmodel20-d3ac/FICO/output/MODEL20_FICO_ASSUMPTIONS_LIST.pdf
DCF-D7,Perpetual Growth (g),Long-run growth used only in the Gordon TV cross-check.,POLICY input = 3.5% (unchanged vs Model17).,Long-run nominal GDP-like floor; primary TV uses exit multiple.,Damodaran long-run growth framing,https://pages.stern.nyu.edu/adamodar/New_Home_Page/datafile/histimpl.html,https://raw.githubusercontent.com/vengeanceaiUSC/Rainmaker/cursor/vengeanceaiusmodel20-d3ac/FICO/output/MODEL20_FICO_ASSUMPTIONS_LIST.pdf
DCF-D9/E26,Stub-period valuation date & Y1 FCFF scale,As-of date for XNPV and the fraction of Year-1 unlevered FCF that has not yet occurred.,D9 = 2026-08-06; E18 = mid-stub; E26 = 0.646575 × full Y1 FCFF; Y1 share buybacks similarly stub-scaled.,Updated temporal discounting from Model17 (Previous: D9=hist FYE 2025-09-30; full-year Y1 FCFF at mid-year EDATE) to Model18 (New: valuation date 2026-08-06; FY stub start 2026-03-30; 129/365 elapsed = 35.34%; Y1 FCFF × 64.66% remaining; E18 = mid-stub 2026-12-02 = D9+118d; Y2–Y5 midpoints via EDATE from stub FY calendar). Only cash yet to occur is valued.,Model stub calendar 3/30/2026→3/29/2027; valuation 8/6/2026,https://www.sec.gov/Archives/edgar/data/814547/000081454726000031/exhibit991erq32026.htm,https://raw.githubusercontent.com/vengeanceaiUSC/Rainmaker/cursor/vengeanceaiusmodel20-d3ac/FICO/output/MODEL20_FICO_ASSUMPTIONS_LIST.pdf
DCF-D8,Exit EV/EBITDA (BASE),Terminal enterprise value multiple on Year-5 EBITDA.,"POLICY BASE 23.0x; Bull 27.0x; Bear 17.0x. Peer set: EFX 13.88x, VRSK 17.42x, SPGI 18.11x, MCO 22.20x, MSCI 23.74x. Median ≈ 18.11x.",Exit unchanged vs Model17 (BASE 23.0x; Bull 27.0x / Bear 17.0x).,VCP Scanner FICO peer EV/EBITDA comps + Yacktman premium,https://vcpscanner.com/valuation/fico/relative,https://raw.githubusercontent.com/vengeanceaiUSC/Rainmaker/cursor/vengeanceaiusmodel20-d3ac/FICO/output/MODEL20_FICO_ASSUMPTIONS_LIST.pdf
DCF-D13/D14/D34,Debt & Cash (equity bridge),Gross debt and cash+marketable securities for EV → equity. D13/D14 are today's 10-Q balances; D34 is the debt actually subtracted from EV (includes forecast buyback-funded issuance).,D13/D14 = latest 10-Q bridge. D34 = D13 + 0.6466×3S!J19 + K19+L19+M19+N19 (Y1 debt CF stub-scaled). D35 = D32 + D33 − D34.,Updated from Model18 (Previous: D34=D13 today's 10-Q debt only while I16 used Y5 buyback-shrunk shares) to Model20 (New: D34 = D13 + stub×3S!J19 + K19+L19+M19+N19). Y1 debt CF stub-scaled to match stub-scaled Y1 buybacks. Cash D33 stays 10-Q cash+mkt (ΔCash≈0 by design). Pairs levered share shrink with the debt that funded it.,SEC 10-Q debt/cash bridge; 3S financing row 19 (debt funds 0.4×FCF),https://www.sec.gov/Archives/edgar/data/814547/000081454725000016/fico-20250331.htm,https://raw.githubusercontent.com/vengeanceaiUSC/Rainmaker/cursor/vengeanceaiusmodel20-d3ac/FICO/output/MODEL20_FICO_ASSUMPTIONS_LIST.pdf
DCF-D12/I16,Shares Outstanding (buyback-adjusted),"Starting shares (D12 ≈ 21,597.6k post–Q3 @ $1,149) fall each year with 1.4×FCF buybacks (3S equity CF / price). SBC is added back in FCFF but does NOT increase shares — avoids double penalty. $/share uses Y5 shares (I16).","D16=$D$12; E16:I16 = MAX(1000, prior + 3S!{J–N}20 / $D$11); D37=$D$35/$I$16.","Shares path unchanged vs Model18 (21,597.635k @ $1,149 post–Q3 → Y5 via 1.4×FCF). SBC add-back does NOT dilute; Y1 share reduction uses stub-scaled equity CF (64.66% of year). MODEL20 pairs I16 with D34 debt that includes forecast issuance.","EX-99.1 Q3 FY2026 — shares ≈ 21,597.6k @ $1,149; FY25 buybacks $1.415B",https://www.sec.gov/Archives/edgar/data/814547/000081454725000030/fico-20250930.htm,https://raw.githubusercontent.com/vengeanceaiUSC/Rainmaker/cursor/vengeanceaiusmodel20-d3ac/FICO/output/MODEL20_FICO_ASSUMPTIONS_LIST.pdf
DCF-E25,Net WC investment (ΔOpNWC − ΔDeferred),FCFF subtracts Δ Operating NWC (AR+Inv−AP) and adds Increase in Deferred Revenue. AR and Deferred are strictly separated.,DCF E25:I25 = 3S!{J–N}90 − (3S Def_t − Def_t−1). Equivalent to −ΔOpNWC + ΔDeferred inside UFCFF.,DSO path unchanged vs Model17 (97→28d). Op NWC = AR+Inv−AP ONLY. +ΔDeferred is a SEPARATE CFO/FCFF source. No AR/unearned double-count. Source: https://www.sec.gov/Archives/edgar/data/814547/000081454726000011/R45.htm. Deferred = Rev × (SaaS%+OnPrem%) × (FY25 Def/FY25 soft Rev); +ΔDeferred in CFO row 81. Faster SaaS mix (+300 bps/yr) raises Deferred cash vs Model17 (+250). Detail: https://www.sec.gov/Archives/edgar/data/814547/000081454726000011/R45.htm.,SEC 10-Q Q1 FY2026 — Deferred revenue roll-forward (R45),https://www.sec.gov/Archives/edgar/data/814547/000081454726000011/R45.htm,https://raw.githubusercontent.com/vengeanceaiUSC/Rainmaker/cursor/vengeanceaiusmodel20-d3ac/FICO/output/MODEL20_FICO_ASSUMPTIONS_LIST.pdf
