© Corporate Finance Institute®. All rights reserved.,,,,,,,,,,,vengeanceaiUSCMODEL20.0 — Public Peer EV/EBITDA Comps,,,,,,,,,,
,DCF Model,,,,,,,,,,Ticker,Company,EV/EBITDA,Source,,vengeanceaiUSCMODEL20.0 — LIVE EQUATIONS + SOURCE LINKS,,,,,
,,,,,,,,,,,EFX,Equifax,13.88,VCP Scanner peer set,,Yellow = inputs (edit). Green = formulas. Blue underlined = clickable sources.,,,,,
"=HYPERLINK(""https://raw.githubusercontent.com/vengeanceaiUSC/Rainmaker/cursor/vengeanceaiusmodel20-d3ac/FICO/output/MODEL20_FICO_ASSUMPTIONS_LIST.pdf"",""⬇ Download Assumptions List PDF"")",Assumptions — full list PDF (no charts): MODEL20_FICO_ASSUMPTIONS_LIST.pdf,https://github.com/vengeanceaiUSC/Rainmaker/blob/cursor/vengeanceaiusmodel20-d3ac/FICO/output/MODEL20_FICO_ASSUMPTIONS_LIST.pdf,,,,,,,,,VRSK,Verisk Analytics,17.42,VCP Scanner peer set,,Input,Value,Description,Role,Primary source (click),Secondary source (click)
,Cash Tax Rate (3yr avg IncomeTaxesPaid/EBT = 22.87%),MODEL20 — cash taxes ≠ book tax (3S J13 still book for NI),0.22873,Tax source: SEC 10-K,,,,,,,SPGI,S&P Global,18.11,VCP Scanner peer set,,1) Yacktman-adjusted CAPM → WACC (D6=R15); β=0.3×Blume(1.213)+0.7×AAA(0.70)=0.854 (Yahoo raw 1.32 kept as ref),,,,,
WACC sources → columns U–V,Discount Rate (Yacktman-adj CAPM WACC = R15 ≈ 7.68%; Model17 was 7.68%),WACC algebra unchanged vs Model17 (Previous: 7.68%) in Model20 (New: 7.68% = D6←R15); stub scales Y1 FCFF × 64.66%,=R15,WACC sources → scroll to col U (Rf/ERP/β/Rd links),Damodaran ERP,SEC 8-K Rd 6.250%,,,,,MCO,Moody's,22.2,VCP Scanner peer set,,Risk-free rate (Rf),0.0467,US 10Y Treasury yield,CAPM input,FRED DGS10 (US 10Y),US Treasury Daily Par Yield Curve
,Perpetual Growth (g = 3.5% — Gordon cross-check),g unchanged vs Model17 (Previous: 3.5%) in Model20,0.035,,,,,,,,MSCI,MSCI Inc.,23.74,VCP Scanner peer set,,Equity risk premium (ERP),0.0428,Damodaran implied ERP,CAPM input,Damodaran Online — Implied ERP,Damodaran histimpl.xls / table
,Exit EV/EBITDA (BASE 23.0x — Yacktman premium),Exit unchanged vs Model17 (Previous: 23.0x) in Model20 (BASE 23.0x vs peer median 18.1x; Bull 27x / Bear 17.0x).,23,Rd source: SEC 8-K 6.250% notes,Peer EV/EBITDA comps (click),FICO spot EV/EBITDA (click),,,,,Median,Peer set,18.11,Sorted median (SPGI),,Beta (β_Yacktman),0.8539999999999999,0.3×Blume(1.213)+0.7×AAA(0.70); Yahoo raw=1.32,CAPM input,Yahoo Finance FICO Key Statistics (raw β),Blume 1971 β adjustment
,Valuation Date (stub clock; 2026-08-06),Updated from Model17 (Previous: hist FYE 2025-09-30) to Model20 (New: 2026-08-06; 129/365=35.34% elapsed),2026-08-06 00:00:00,,,,,,,,Base exit (D8),,23,Yacktman premium vs peer median; audit 23.0x,,Ke = Rf + β × ERP,=R6+R8*R7,Cost of equity (Yacktman-adj CAPM),→ WACC,Derived: R6 + R8 × R7,
,Stub FY End (first forward year end),Stub year ends 2027-03-29,2027-03-29 00:00:00,,,,,,,,Peer comps (click),FICO spot EV/EBITDA (click),,,,Pre-tax cost of debt (Rd),0.0625,6.250% Senior Notes due 2034,WACC input,SEC 8-K — Notes closing (6.250%),SEC EX-99.1 — Notes pricing press release
,Current Price,,1149,,,,,,,,,,,,,Cash tax rate (t),=$D$5,D5 ← 3yr cash tax (IncomeTaxesPaid/EBT),Cash tax ≠ book J13,SEC 10-K FY2025 (tax / EBT),SEC companyfacts — IncomeTaxesPaidNet
,"Shares Outstanding — starting (000s, post–Q3 ≈ 21,597.6k)",Row 16: levered buybacks reduce shares; SBC add-back does NOT dilute,21597.635,,,,,,,,,,,,,Rd_aftertax = Rd × (1 − t),=R10*(1-R11),After-tax cost of debt,→ WACC,Derived: R10 × (1 − R11),
,Debt today (10-Q bridge — opening gross debt),D34 = D13 + stub×3S!J19 + K19:N19 (adds buyback-funded debt),5582389,,,,,,,,,,,,,Equity weight (We),0.8,Target ~80% equity at market,WACC weight,SEC 10-Q Q3 FY2026 (debt / capital),Yahoo market cap for E/(D+E)
,Cash+mkt secs (10-Q bridge — ΔCash≈0 under levered buybacks),See L38 for 3S FY25 cash ref; bridge cash stays current,304537,,,,,,,,,,,,,Debt weight (Wd),0.2,Target ~20% debt (We+Wd=100%),WACC weight,"SEC 10-Q — total debt $5,582,389k",SEC 10-K — senior notes footnote
,Capex FY1 (linked to 3S J68; stub scales FCFF not CapEx cell),,='3 Statement Model'!J68,,,,,,,,,,,,,WACC = We×Ke + Wd×Rd_aftertax,=R13*R9+R14*R12,PRIMARY discount rate → cell D6 (Yacktman-adj CAPM),→ D6,"SEC filings (tax, debt coupons)",Damodaran (ERP methodology)
,Shares Outstanding — buyback-adjusted (000s),Shares_t = prior + EquityCF/Price; Y1 EquityCF × 64.66% stub,=$D$12,"=MAX(1000,D16+0.646575*'3 Statement Model'!J20/$D$11)","=MAX(1000,E16+'3 Statement Model'!K20/$D$11)","=MAX(1000,F16+'3 Statement Model'!L20/$D$11)","=MAX(1000,G16+'3 Statement Model'!M20/$D$11)","=MAX(1000,H16+'3 Statement Model'!N20/$D$11)",,,,,,,,,,,,,
,Discounted Cash Flow,,Entry,=YEAR(E18),=YEAR(F18),=YEAR(G18),=YEAR(H18),=YEAR(I18),Exit,,Terminal value & scenarios (vengeanceaiUSCMODEL20.0),,,,,2) Unlevered Free Cash Flow,,,,,
,Date (Y1 mid-stub +118d; Y2–Y5 EDATE mid-year),,=$D$9,2026-12-02 00:00:00,"=EDATE(DATE(2027,3,30),6)","=EDATE(DATE(2028,3,30),6)","=EDATE(DATE(2029,3,30),6)","=EDATE(DATE(2030,3,30),6)",=I18,,Exit EV/EBITDA @ D8 (BASE 23.0x),=J27,← used in XNPV,,,FCFF = EBIT − EBIT×t_cash + D&A + SBC − CapEx − ΔOpNWC + ΔDeferred,,,,Drivers from SEC XBRL → 3-statement,SEC 10-K historical IS/CF
,Time Periods,,,0,=E19+1,=F19+1,=G19+1,=H19+1,,,Gordon cross-check (g=D7),"=IF(($D$6-$D$7)<=0,""WACC must exceed g"",$I$26*(1+$D$7)/($D$6-$D$7))",← sanity check,,,Excel (col E example),=E21-E22+E23-E24-E25,,,,
,Year Fraction (display only; XNPV uses exact dates below),,,"=YEARFRAC(D18,E18)","=YEARFRAC(E18,F18)","=YEARFRAC(F18,G18)","=YEARFRAC(G18,H18)","=YEARFRAC(H18,I18)",,,Implied Gordon exit multiple,"=IF(($I$21+$I$23)=0,0,M19/($I$21+$I$23))",← ~bear check,,,Tax on EBIT (unlevered),=E21*$D$5,NOT levered IS tax dollars,,Tax rate from SEC 10-K effective rate,
,EBIT (3S: EBT + Interest),EBIT,,='3 Statement Model'!J33+'3 Statement Model'!J31,='3 Statement Model'!K33+'3 Statement Model'!K31,='3 Statement Model'!L33+'3 Statement Model'!L31,='3 Statement Model'!M33+'3 Statement Model'!M31,='3 Statement Model'!N33+'3 Statement Model'!N31,,,BASE TV @ 23.0x (primary),=($I$21+$I$23)*23.0,← = D8 policy,,,FCFF check (FY5 / col I),=I26,Must equal I21−I22+I23−I24−I25,,,
,Less: Unlevered Cash Taxes (EBIT × cash tax rate D5),EBIT×t,,=E21*$D$5,=F21*$D$5,=G21*$D$5,=H21*$D$5,=I21*$D$5,,,BULL TV @ 27.0x (spot/policy),=($I$21+$I$23)*27.0,← sensitivity only,,,,,,,,
,Plus: D&A (3S IS row 30),+D&A,,='3 Statement Model'!J30,='3 Statement Model'!K30,='3 Statement Model'!L30,='3 Statement Model'!M30,='3 Statement Model'!N30,,,BEAR TV @ 17.0x (Gordon-implied),=($I$21+$I$23)*17.0,← sensitivity only,,,3) Terminal Value,,,,,
,Less: Capex (3S CF row 68),−CapEx,,='3 Statement Model'!J68,='3 Statement Model'!K68,='3 Statement Model'!L68,='3 Statement Model'!M68,='3 Statement Model'!N68,,,Reconciliation: Bull 27x → Base 23.0x (Yacktman premium vs peer median ~18.1x) → Bear 17.0x,,,,,TV_exit = EBITDA_n × ExitMultiple   [PRIMARY],,,,,
,Less: ΔOpNWC − ΔDeferred (3S 90 − 81; AR≠Deferred),−ΔOpNWC+ΔDef,,='3 Statement Model'!J90-('3 Statement Model'!J88-'3 Statement Model'!I88),='3 Statement Model'!K90-('3 Statement Model'!K88-'3 Statement Model'!J88),='3 Statement Model'!L90-('3 Statement Model'!L88-'3 Statement Model'!K88),='3 Statement Model'!M90-('3 Statement Model'!M88-'3 Statement Model'!L88),='3 Statement Model'!N90-('3 Statement Model'!N88-'3 Statement Model'!M88),,,,,,,,Excel,=($I$21+$I$23)*$D$8,,=J27,Exit multiple policy vs Yahoo / market multiples,
,Unlevered FCF (Y1 × 64.66% stub remaining; SBC + Deferred),FCFF=EBIT−cashTax+DA+SBC−CapEx−ΔOpNWC+ΔDeferred,,=0.646575*(E21-E22+E23+'3 Statement Model'!J64-E24-E25),=F21-F22+F23+'3 Statement Model'!K64-F24-F25,=G21-G22+G23+'3 Statement Model'!L64-G24-G25,=H21-H22+H23+'3 Statement Model'!M64-H24-H25,=I21-I22+I23+'3 Statement Model'!N64-I24-I25,,,vengeanceaiUSCMODEL20.0 — DCF ← 3-Statement linkage audit,,,,,TV_gordon = FCFF_n×(1+g)/(WACC−g)   [CHECK],,,,,
,(Entry)/Exit TV — Exit EV/EBITDA (BASE 23.0x),,=-I35,,,,,,=($I$21+$I$23)*$D$8,,DCF item,Value / link,3-Statement source,Notes,,Excel,"=IF(($D$6-$D$7)<=0,""err"",$I$26*(1+$D$7)/($D$6-$D$7))",,=M19,Gordon g vs Damodaran long-run growth framing,
,Transaction CF,,0,=E27+E26,=F27+F26,=G27+G26,=H27+H26,=I27+I26,=J27+J26,,Cash tax rate (D5),=$D$5,22.87%,3yr avg IncomeTaxesPaidNet/EBT (not book J13),,Implied Gordon exit multiple,"=IF(($I$21+$I$23)=0,0,T27/($I$21+$I$23))",Gordon TV / EBITDA_n,,,
,Transaction CF,,=D27+D26,=E27+E26,=F27+F26,=G27+G26,=H27+H26,=I27+I26,=J27,,DSO (AR days),='3 Statement Model'!J15,='3 Statement Model'!J15,Phased DSO hist→45d; Op NWC excludes Deferred,,,,,,,
,,,,,,,,,,,SBC % of sales,='3 Statement Model'!J21,='3 Statement Model'!J21,SBC add-back in CFO row 64 and FCFF,,4) Enterprise → Equity → $/share,,,,,
,Intrinsic Value,,,,,Market Value,,,,,CapEx % (FY1),='3 Statement Model'!J18,='3 Statement Model'!J18,CapEx% fade path → CF CapEx $,,"EV = XNPV(WACC, TransactionCF, mid-year dates)",,,,,
,Enterprise Value (XNPV; Y1 mid-stub dates),,"=XNPV(D6,D28:J28,D18:J18)",,,Market Cap,,=D12*D11,,,Revenue growth FY1,='3 Statement Model'!J7,='3 Statement Model'!J7,Policy path on 3S assumption row 7,,Excel,"=XNPV(D6,D28:J28,D18:J18)",,=D32,,
,Plus: Cash,,=+D14,,,Plus: Debt,,=D13,,,EBIT FY1 (DCF E21),=$E$21,='3 Statement Model'!J33+'3 Statement Model'!J31,EBT + Interest = GP − SG&A − R&D − D&A,,Equity = EV + Cash − Debt,=D35,Net debt from 10-Q bridge,,"SEC 10-Q — cash, mkt secs, total debt",SEC 10-K — FY debt footnote
,Less: Debt (today + forecast buyback-funded issuance),Updated from Model18 (Previous: D34=D13 only) to Model20 (New: D34=D13+stub×Y1 debt CF + Y2–Y5 debt CF),=$D$13+0.646575*'3 Statement Model'!J19+'3 Statement Model'!K19+'3 Statement Model'!L19+'3 Statement Model'!M19+'3 Statement Model'!N19,,,Less: Cash,,=+D14,,,EBIT cross-check,='3 Statement Model'!J26-'3 Statement Model'!J28-'3 Statement Model'!J29-'3 Statement Model'!J30,GP−SGA−R&D−DA,Must equal E21 (live check),,$/share = Equity / Shares,=D37,Shares outstanding (Yahoo),,Yahoo Finance — shares outstanding,Yahoo FICO quote (price)
,Equity Value,,=D32+D33-D34,,,Enterprise Value,,=I32+I33-I34,,,D&A FY1,=$E$23,='3 Statement Model'!J30,Rev × DA% (total D&A / sales) from 3S IS,,Upside vs market,=D37/D11-1,Intrinsic / Current Price − 1,,,
,,,,,,,,,,,SBC FY1,='3 Statement Model'!J64,='3 Statement Model'!J64,Rev × SBC%; added in FCFF,,,,,,,
,Equity Value/Share (÷ Y5 buyback-adjusted shares I16),MODEL20: $/share uses I16; D34 includes forecast debt that funded buybacks,=$D$35/$I$16,,,Equity Value/Share,,=D11,,,CapEx FY1,=$E$24,='3 Statement Model'!J68,3S CF CapEx (also D15),,5) Op NWC + Deferred (feeds FCFF; AR ≠ Deferred),,,,,
,,,,,,,,,,,Net WC use FY1,=$E$25,='3 Statement Model'!J90-('3 Statement Model'!J88-'3 Statement Model'!I88),ΔOpNWC − ΔDeferred (AR≠Deferred),,OpNWC = AR+Inv−AP; +ΔDeferred separate CFO source,,,,SEC 10-K — AR / AP / deferred revenue,XBRL DeferredRevenueCurrent
,,,,,,,,,,,EBITDA FY5 (TV base),=$I$21+$I$23,='3 Statement Model'!N33+'3 Statement Model'!N31+'3 Statement Model'!N30,EBIT+D&A; Exit TV = this × D8,,Net WC use = ΔOpNWC − ΔDeferred,,3S row 90 − row 81 (Deferred growth = cash source),=I25,,
,,,,,,,,,,,3S FY25 Cash (ref),='3 Statement Model'!I41,='3 Statement Model'!I41,FYE reference only — bridge uses 10-Q D14,,,,,,,
,Instructions,,,,,,,,,,3S FY25 Debt (ref),='3 Statement Model'!I49,='3 Statement Model'!I49,FYE reference only — D13 is opening debt; D34 adds forecast issuance,,6) Full source index (all clickable),,,,,
,Step 1: Get EBIT and D&A from the income statement,,,,,,,,,,EBIT link OK?,"=IF(ABS(M33-M34)<1,""OK"",""MISMATCH"")",,Flags if EBIT link ≠ GP−opex build,,SEC 10-K FY2025,,,"Tax 18.8%, IS/BS/CF, senior notes",,
,Step 2: Calculate the net working capital,,,,,,,,,,Green cells are live links. FCFF = EBIT − cash tax + D&A + SBC − CapEx − ΔOpNWC + ΔDeferred. D6 = Yacktman-adj CAPM 7.68% (D6←R15; raw CAPM ref 9.27%). $/share uses I16 (Y5 buyback-adjusted shares). SBC add-back does NOT dilute.,,,,,SEC 10-Q Q3 FY2026,,,"Debt $5,582M, cash+mkt secs net-debt bridge",,
,There are two ways to find NWC:,,,,,,,,,,,,,,,SEC 8-K 6.250% notes,,,Pre-tax Rd coupon 6.250% due 2034,,
,1. NWC = Current Assets (less cash) - Current Liabilities (less debt),,,,,,,,,,,,,,,SEC EX-99.1 pricing,,,Notes priced at par / offering terms,,
,2. NWC = Accounts Receivable + Inventory - Accounts Payable,,,,,,,,,,,,,,,SEC companyfacts XBRL,,,Pipeline data source (CIK 0000814547),,
,,,,,,,,,,,,,,,,FRED DGS10,,,Risk-free rate (US 10Y),,
,,,,,,,,,,,,,Corporate Finance Institute® ,,,US Treasury yield curve,,,Official daily par yields,,
,,,,,,,,,,,,,https://corporatefinanceinstitute.com/,,,Damodaran Implied ERP,,,Equity risk premium,,
,,,,,,,,,,,,,,,,Damodaran histimpl,,,Historical implied ERP table,,
,,,,,,,,,,,,,,,,Yahoo FICO stats,,,Beta 5Y monthly + shares out,,
,,,,,,,,,,,SENSITIVITY — Enterprise Value ($000s),,,,,,,,,,
,,,,,,,,,,,WACC \ Exit EV/EBITDA,17,20,23,25,27,29,,,,
,,,,,,,,,,,0.065,"=XNPV($L57,$D$28:$I$28,$D$18:$I$18)+($I$26+($I$21+$I$23)*M$56)/((1+$L57)^(($J$18-$D$18)/365))","=XNPV($L57,$D$28:$I$28,$D$18:$I$18)+($I$26+($I$21+$I$23)*N$56)/((1+$L57)^(($J$18-$D$18)/365))","=XNPV($L57,$D$28:$I$28,$D$18:$I$18)+($I$26+($I$21+$I$23)*O$56)/((1+$L57)^(($J$18-$D$18)/365))","=XNPV($L57,$D$28:$I$28,$D$18:$I$18)+($I$26+($I$21+$I$23)*P$56)/((1+$L57)^(($J$18-$D$18)/365))","=XNPV($L57,$D$28:$I$28,$D$18:$I$18)+($I$26+($I$21+$I$23)*Q$56)/((1+$L57)^(($J$18-$D$18)/365))","=XNPV($L57,$D$28:$I$28,$D$18:$I$18)+($I$26+($I$21+$I$23)*R$56)/((1+$L57)^(($J$18-$D$18)/365))",,,,
,,,,,,,,,,,0.07,"=XNPV($L58,$D$28:$I$28,$D$18:$I$18)+($I$26+($I$21+$I$23)*M$56)/((1+$L58)^(($J$18-$D$18)/365))","=XNPV($L58,$D$28:$I$28,$D$18:$I$18)+($I$26+($I$21+$I$23)*N$56)/((1+$L58)^(($J$18-$D$18)/365))","=XNPV($L58,$D$28:$I$28,$D$18:$I$18)+($I$26+($I$21+$I$23)*O$56)/((1+$L58)^(($J$18-$D$18)/365))","=XNPV($L58,$D$28:$I$28,$D$18:$I$18)+($I$26+($I$21+$I$23)*P$56)/((1+$L58)^(($J$18-$D$18)/365))","=XNPV($L58,$D$28:$I$28,$D$18:$I$18)+($I$26+($I$21+$I$23)*Q$56)/((1+$L58)^(($J$18-$D$18)/365))","=XNPV($L58,$D$28:$I$28,$D$18:$I$18)+($I$26+($I$21+$I$23)*R$56)/((1+$L58)^(($J$18-$D$18)/365))",,,,
,,,,,,,,,,,0.075,"=XNPV($L59,$D$28:$I$28,$D$18:$I$18)+($I$26+($I$21+$I$23)*M$56)/((1+$L59)^(($J$18-$D$18)/365))","=XNPV($L59,$D$28:$I$28,$D$18:$I$18)+($I$26+($I$21+$I$23)*N$56)/((1+$L59)^(($J$18-$D$18)/365))","=XNPV($L59,$D$28:$I$28,$D$18:$I$18)+($I$26+($I$21+$I$23)*O$56)/((1+$L59)^(($J$18-$D$18)/365))","=XNPV($L59,$D$28:$I$28,$D$18:$I$18)+($I$26+($I$21+$I$23)*P$56)/((1+$L59)^(($J$18-$D$18)/365))","=XNPV($L59,$D$28:$I$28,$D$18:$I$18)+($I$26+($I$21+$I$23)*Q$56)/((1+$L59)^(($J$18-$D$18)/365))","=XNPV($L59,$D$28:$I$28,$D$18:$I$18)+($I$26+($I$21+$I$23)*R$56)/((1+$L59)^(($J$18-$D$18)/365))",,,,
,,,,,,,,,,,0.0768,"=XNPV($L60,$D$28:$I$28,$D$18:$I$18)+($I$26+($I$21+$I$23)*M$56)/((1+$L60)^(($J$18-$D$18)/365))","=XNPV($L60,$D$28:$I$28,$D$18:$I$18)+($I$26+($I$21+$I$23)*N$56)/((1+$L60)^(($J$18-$D$18)/365))","=XNPV($L60,$D$28:$I$28,$D$18:$I$18)+($I$26+($I$21+$I$23)*O$56)/((1+$L60)^(($J$18-$D$18)/365))","=XNPV($L60,$D$28:$I$28,$D$18:$I$18)+($I$26+($I$21+$I$23)*P$56)/((1+$L60)^(($J$18-$D$18)/365))","=XNPV($L60,$D$28:$I$28,$D$18:$I$18)+($I$26+($I$21+$I$23)*Q$56)/((1+$L60)^(($J$18-$D$18)/365))","=XNPV($L60,$D$28:$I$28,$D$18:$I$18)+($I$26+($I$21+$I$23)*R$56)/((1+$L60)^(($J$18-$D$18)/365))",,,,
,,,,,,,,,,,0.085,"=XNPV($L61,$D$28:$I$28,$D$18:$I$18)+($I$26+($I$21+$I$23)*M$56)/((1+$L61)^(($J$18-$D$18)/365))","=XNPV($L61,$D$28:$I$28,$D$18:$I$18)+($I$26+($I$21+$I$23)*N$56)/((1+$L61)^(($J$18-$D$18)/365))","=XNPV($L61,$D$28:$I$28,$D$18:$I$18)+($I$26+($I$21+$I$23)*O$56)/((1+$L61)^(($J$18-$D$18)/365))","=XNPV($L61,$D$28:$I$28,$D$18:$I$18)+($I$26+($I$21+$I$23)*P$56)/((1+$L61)^(($J$18-$D$18)/365))","=XNPV($L61,$D$28:$I$28,$D$18:$I$18)+($I$26+($I$21+$I$23)*Q$56)/((1+$L61)^(($J$18-$D$18)/365))","=XNPV($L61,$D$28:$I$28,$D$18:$I$18)+($I$26+($I$21+$I$23)*R$56)/((1+$L61)^(($J$18-$D$18)/365))",,,,
,,,,,,,,,,,0.095,"=XNPV($L62,$D$28:$I$28,$D$18:$I$18)+($I$26+($I$21+$I$23)*M$56)/((1+$L62)^(($J$18-$D$18)/365))","=XNPV($L62,$D$28:$I$28,$D$18:$I$18)+($I$26+($I$21+$I$23)*N$56)/((1+$L62)^(($J$18-$D$18)/365))","=XNPV($L62,$D$28:$I$28,$D$18:$I$18)+($I$26+($I$21+$I$23)*O$56)/((1+$L62)^(($J$18-$D$18)/365))","=XNPV($L62,$D$28:$I$28,$D$18:$I$18)+($I$26+($I$21+$I$23)*P$56)/((1+$L62)^(($J$18-$D$18)/365))","=XNPV($L62,$D$28:$I$28,$D$18:$I$18)+($I$26+($I$21+$I$23)*Q$56)/((1+$L62)^(($J$18-$D$18)/365))","=XNPV($L62,$D$28:$I$28,$D$18:$I$18)+($I$26+($I$21+$I$23)*R$56)/((1+$L62)^(($J$18-$D$18)/365))",,,,
,,,,,,,,,,,SENSITIVITY — Equity Value / Share ($),,,,,,,,,,
,,,,,,,,,,,WACC \ Exit EV/EBITDA,17,20,23,25,27,29,,,,
,,,,,,,,,,,0.065,=(M57+$D$33-$D$34)/$I$16,=(N57+$D$33-$D$34)/$I$16,=(O57+$D$33-$D$34)/$I$16,=(P57+$D$33-$D$34)/$I$16,=(Q57+$D$33-$D$34)/$I$16,=(R57+$D$33-$D$34)/$I$16,,,,
,,,,,,,,,,,0.07,=(M58+$D$33-$D$34)/$I$16,=(N58+$D$33-$D$34)/$I$16,=(O58+$D$33-$D$34)/$I$16,=(P58+$D$33-$D$34)/$I$16,=(Q58+$D$33-$D$34)/$I$16,=(R58+$D$33-$D$34)/$I$16,,,,
,,,,,,,,,,,0.075,=(M59+$D$33-$D$34)/$I$16,=(N59+$D$33-$D$34)/$I$16,=(O59+$D$33-$D$34)/$I$16,=(P59+$D$33-$D$34)/$I$16,=(Q59+$D$33-$D$34)/$I$16,=(R59+$D$33-$D$34)/$I$16,,,,
,,,,,,,,,,,0.0768,=(M60+$D$33-$D$34)/$I$16,=(N60+$D$33-$D$34)/$I$16,=(O60+$D$33-$D$34)/$I$16,=(P60+$D$33-$D$34)/$I$16,=(Q60+$D$33-$D$34)/$I$16,=(R60+$D$33-$D$34)/$I$16,,,,
,,,,,,,,,,,0.085,=(M61+$D$33-$D$34)/$I$16,=(N61+$D$33-$D$34)/$I$16,=(O61+$D$33-$D$34)/$I$16,=(P61+$D$33-$D$34)/$I$16,=(Q61+$D$33-$D$34)/$I$16,=(R61+$D$33-$D$34)/$I$16,,,,
,,,,,,,,,,,0.095,=(M62+$D$33-$D$34)/$I$16,=(N62+$D$33-$D$34)/$I$16,=(O62+$D$33-$D$34)/$I$16,=(P62+$D$33-$D$34)/$I$16,=(Q62+$D$33-$D$34)/$I$16,=(R62+$D$33-$D$34)/$I$16,,,,
,,,,,,,,,,,"Yellow = base (Yacktman WACC=7.68%, Exit 23.0x; CAPM ref ≈9.27%). EV formula: XNPV(explicit FCFF) + (Y5 FCFF + Exit×EBITDA) / (1+WACC)^daycount. Peer median ~18.1x → base 23.0x; bull 27x; bear 17.0x.",,,,,,,,,,
